{"brand": -2, "model name": -1, "model image": 0, "technology": 1, "2g bands": 2, "gprs": 3, "edge": 4, "announced": 5, "status": 6, "dimensions": 7, "weight": 8, "sim": 9, "": 77, "type": 11, "size": 12, "resolution": 13, "os": 14, "chipset": 15, "cpu": 16, "card slot": 17, "internal": 18, "single": 19, "video": 20, "single_1": 21, "video_1": 22, "loudspeaker": 23, "3.5mm jack": 24, "wlan": 25, "bluetooth": 26, "gps": 27, "radio": 28, "usb": 29, "sensors": 30, "_1": 31, "talk time": 32, "colors": 33, "price": 34, "3g bands": 35, "4g bands": 36, "speed": 37, "gpu": 38, "features": 39, "_1_1": 40, "features_1": 41, "stand-by": 42, "performance": 43, "display": 44, "camera": 45, "loudspeaker_1": 46, "audio quality": 47, "battery life": 48, "protection": 49, "charging": 50, "models": 51, "nfc": 52, "sar eu": 53, "music play": 54, "sar": 55, "browser": 56, "keyboard": 57, "dual": 58, "infrared port": 59, "build": 60, "phonebook": 61, "call records": 62, "messaging": 63, "games": 64, "java": 65, "alert types": 66, "clock": 67, "alarm": 68, "languages": 69, "triple": 70, "dual_1": 71, "quad": 72, "dual or triple": 73, "waterproof": 78, "battery": 79, "thickness": 7, "ppi": 81, "storage": 82, "ram": 83, "rear camera": 85, "front camera": 86, "age": 87, "face": 88, "finger": 89}