{"Pantech Breeze IV": 0.0, "Samsung Galaxy On7 (2016)": 4.4, "Sony Xperia 10 Plus": 2.7, "Pantech Impact": 4.5, "Kyocera Hydro C5170": 3.1, "Motorola Moto G 4G": 3.9, "Motorola RAZR V3i": 3.2, "Apple iPhone 7 Plus": 4.6, "Samsung Galaxy Note Edge": 4.9, "BLU Dash XL": 3.4, "LG G Stylo": 2.8, "BlackBerry Bold 9000": 3.4, "Samsung Epic 4G": 3.4, "Google Pixel 3 XL": 3.6, "Samsung Focus S I937": 3.3, "Xiaomi Pocophone F1": 4.4, "Nokia 3310 3G": 0.0, "Kyocera DuraMax": 3.9, "Nokia Lumia 1020": 5.0, "Samsung Galaxy S10 5G": 3.0, "BlackBerry Priv": 3.8, "Samsung Galaxy S8": 3.4, "BLU Energy JR": 2.8, "LG Cosmos Touch VN270": 3.6, "Samsung Galaxy S4 zoom": 2.7, "Huawei Y9 (2019)": 4.8, "Casio G'zOne Ravine": 3.0, "Samsung Galaxy C9 Pro": 3.6, "Samsung Galaxy J4 Core": 5.0, "BLU Neo XL": 2.8, "Samsung Galaxy S10": 4.0, "Samsung Convoy 2": 3.5, "Microsoft Lumia 435": 3.3, "Cat S30": 2.3, "ZTE Axon 7 mini": 3.6, "Honor View 20": 5.0, "Samsung Galaxy Xcover 4": 4.5, "Samsung Galaxy J7 (2016)": 3.6, "Sony Xperia XA1 Ultra": 5.0, "Sony Xperia XZ2 Compact": 4.5, "LG G8 ThinQ": 4.5, "Sony Ericsson Xperia PLAY": 3.5, "LG G2 mini LTE": 4.0, "ZTE Blade Vec 4G": 3.6, "ZTE Blade V8 Pro": 3.6, "Samsung Galaxy Express Prime": 0.0, "BLU Life One XL": 3.6, "Sony Xperia L2": 4.1, "Huawei P10 Plus": 4.0, "Samsung Galaxy S7 edge": 3.4, "Sony Xperia XA1": 3.2, "Motorola Tundra VA76r": 3.7, "Apple iPhone SE": 4.5, "Xiaomi Redmi 4 (4X)": 4.0, "BLU Pure XR": 3.0, "BLU Grand M3": 0.0, "Samsung Rugby Smart I847": 3.8, "LeEco Le S3": 3.4, "BLU Grand X LTE": 0.0, "Huawei Mate 10 Pro": 4.5, "Motorola Moto Z Play": 3.5, "Motorola Moto X Force": 3.7, "Huawei P9 lite mini": 4.3, "Samsung Galaxy S10+": 4.9, "HTC Desire 728 Ultra": 3.7, "Samsung Galaxy Note 3": 4.6, "Motorola DROID Turbo": 2.5, "Pantech Breakout": 2.6, "LG Cosmos 2": 3.3, "Sonim XP3 Enduro": 0.0, "BlackBerry Storm 9530": 3.3, "LG X power2": 3.6, "Apple iPhone 5s": 0.0, "LG K10 (2018)": 3.6, "Samsung Galaxy Note N7000": 4.2, "Samsung Galaxy Exhibit T599": 3.0, "Samsung Galaxy S5 Active": 3.6, "Motorola Moto X Style": 4.0, "Samsung Galaxy I8250": 4.4, "Sony Xperia Z3 Compact": 3.5, "Huawei Ascend G6 4G": 3.3, "Sony Xperia XZ1": 0.0, "OnePlus 3T": 3.8, "Sonim XP6": 0.0, "Motorola Moto Z2 Force": 3.3, "Google Pixel XL": 0.0, "Huawei Mate 20 lite": 5.0, "Motorola Nexus 6": 3.6, "BlackBerry Bold 9780": 3.8, "alcatel Tetra": 3.9, "BLU Studio 5.0 II": 3.8, "BlackBerry Torch 9810": 3.7, "Apple iPhone 3GS": 3.2, "BLU Grand XL LTE": 0.0, "LG Stylus 2 Plus": 5.0, "Motorola RAZR V3xx": 2.8, "Samsung Galaxy S5 Sport": 3.3, "Motorola Moto G7 Power": 0.0, "LG Lucid 3 VS876": 3.5, "BLU Life One X2": 3.1, "ZTE Avid 4G": 3.2, "HTC Desire 610": 3.4, "Acer Liquid Jade Primo": 3.4, "LG Stylus 3": 0.0, "Haier Hurricane": 4.1, "BLU Life Max": 3.2, "BlackBerry DTEK50": 3.7, "HTC One Remix": 3.6, "Kyocera DuraForce XD": 2.6, "LG G3 Stylus": 3.8, "LG K30": 3.3, "Asus Zenfone 2E": 3.3, "BlackBerry KEY2 LE": 0.0, "HTC One X AT&T;": 3.2, "vivo V9 Youth": 5.0, "Samsung Galaxy A3 (2016)": 4.5, "HTC Desire 10 Lifestyle": 3.7, "HTC 10 evo": 2.9, "OnePlus 5": 4.2, "Motorola Droid Maxx 2": 3.2, "Sharp Aquos Crystal 2": 3.4, "BLU Advance 4.0 L2": 3.4, "Samsung Galaxy Ace 4": 5.0, "BLU Energy X 2": 3.5, "Samsung Galaxy Note I717": 3.1, "Google Pixel 2 XL": 3.6, "Sony Xperia Z5 Premium": 3.6, "HTC One Max": 3.3, "BlackBerry Passport": 4.3, "Huawei Nexus 6P": 3.3, "ZTE Maven 2": 4.2, "Kyocera DuraForce Pro 2": 3.2, "Huawei P smart 2019": 4.8, "Samsung Galaxy Mega 2": 5.0, "LG Aristo 2": 3.7, "BlackBerry Bold 9700": 3.8, "Samsung Galaxy J1 4G": 4.2, "Nokia Lumia 638": 3.5, "Motorola Moto E4 (USA)": 4.2, "Plum Compass LTE": 2.3, "Cat S61": 3.5, "Sony Xperia Z3 Dual": 4.6, "LG G Flex2": 3.2, "Apple iPhone 5c": 3.8, "Motorola Moto G": 4.1, "Samsung Galaxy A5 (2016)": 3.4, "HTC Inspire 4G": 3.3, "LG Nexus 5X": 4.1, "BLU Studio Mega (2018)": 3.6, "Motorola Moto Z3 Play": 4.5, "Microsoft Lumia 950 XL": 3.8, "ZTE Max XL": 4.5, "Samsung Galaxy J5 Prime": 4.1, "Apple Watch Series 4": 3.8, "LG X screen": 3.3, "LG K4 (2017)": 2.6, "Motorola Moto G7 Plus": 4.6, "HTC Desire Eye": 3.7, "Samsung Galaxy J2 Core": 5.0, "alcatel One Touch Fire": 3.7, "Huawei nova 2 plus": 0.0, "BLU Grand M2 LTE": 1.0, "Huawei P30 Pro": 5.0, "Samsung Galaxy A6s": 4.4, "Oppo R11s Plus": 0.0, "Nokia Lumia 1520": 0.0, "Samsung Galaxy Note9": 0.0, "Samsung Galaxy S5 Neo": 4.2, "Huawei Mate 9 Pro": 4.1, "Sony Xperia XZ2": 5.0, "Samsung Gear S": 3.3, "Motorola Moto Z2 Play": 3.9, "Huawei P30 lite": 4.0, "Samsung Galaxy Note 4": 3.7, "Samsung Droid Charge I510": 3.2, "Sony Xperia XZ Premium": 4.0, "HTC U12 life": 5.0, "HTC One mini 2": 2.7, "Nokia 9 PureView": 3.6, "Apple iPhone 6": 3.1, "Samsung Galaxy Young S6310": 3.6, "Samsung Galaxy A7 (2018)": 4.2, "Motorola Moto E4 Plus": 3.2, "Samsung Galaxy A30": 5.0, "Samsung Galaxy J7 Nxt": 0.0, "LG Optimus L9 II": 4.2, "Samsung Galaxy V Plus": 0.0, "Nokia Lumia 928": 3.2, "BLU Advance L4": 3.2, "Xiaomi Black Shark Helo": 4.3, "Xiaomi Mi Mix 2S": 4.2, "Samsung Galaxy S6": 4.3, "Huawei Mate 10 Lite": 4.3, "Huawei Y7 Prime (2018)": 4.0, "Plum Ram 7 - 3G": 2.8, "Samsung Galaxy J7 V": 3.6, "Asus Zenfone Max ZC550KL": 4.0, "Samsung Galaxy Rugby Pro I547": 3.2, "Apple iPhone XR": 4.1, "Samsung Galaxy S7": 4.5, "BlackBerry Bold 9790": 3.9, "HTC One (M8) CDMA": 0.0, "Motorola Moto X4": 3.9, "LG Stylo 2": 3.8, "vivo X21 UD": 3.7, "Nokia 105 (2017)": 2.7, "Amazon Fire HD 7": 2.8, "Samsung Galaxy A8s": 5.0, "Samsung Galaxy A8+ (2018)": 4.2, "Nokia 7 plus": 3.0, "BLU Advance 4.0 L3": 3.7, "BlackBerry Bold Touch 9900": 3.0, "LG Phoenix P505": 4.4, "Asus Zenfone Go T500": 3.4, "HTC Desire 10 Pro": 3.6, "ZTE Blade A520": 3.6, "ZTE Axon mini": 3.4, "Huawei P8 Lite (2017)": 4.0, "Sony Xperia XZ1 Compact": 4.2, "Sony Xperia M4 Aqua": 3.3, "BlackBerry Q10": 3.6, "Samsung Galaxy Note5 Duos": 3.9, "Samsung Galaxy Alpha (S801)": 3.6, "BLU Zoey": 2.9, "Samsung Galaxy S7 (USA)": 2.9, "Motorola Droid Turbo 2": 3.0, "Samsung Galaxy J7 Pro": 2.6, "Samsung Galaxy S10e": 4.8, "Samsung Galaxy S5 LTE-A G906S": 4.3, "Motorola Moto G6 Plus": 3.6, "Samsung Galaxy J3 Emerge": 4.3, "Huawei Y6 (2019)": 0.0, "Samsung Galaxy A7 (2016)": 0.0, "Huawei Ascend P7 mini": 4.1, "Samsung Galaxy A8 (2018)": 0.0, "Samsung Galaxy J1 Ace": 3.2, "Xiaomi Mi Mix 3": 0.0, "Samsung Galaxy J2 Prime": 2.8, "LG G3 Dual-LTE": 3.3, "BlackBerry Curve 9380": 3.5, "LG K20 plus": 4.5, "Samsung Galaxy S6 active": 2.9, "Apple iPhone 4": 3.3, "Samsung Galaxy S5 (USA)": 4.0, "Nokia Lumia 900 AT&T;": 3.6, "Nokia Lumia 710 T-Mobile": 3.4, "BLU Advance 4.0 M": 4.0, "Sony Xperia X Compact": 3.9, "Samsung Galaxy S7 mini": 2.9, "BlackBerry Torch 9860": 3.8, "LG Extravert VN271": 3.6, "Samsung Galaxy J3 (2016)": 0.0, "Sony Xperia Z5 Dual": 3.8, "Cat S60": 3.7, "BLU R2 Plus": 3.6, "Xiaomi Mi 8 Pro": 4.3, "Xiaomi Redmi 3 Pro": 4.3, "BLU Life One X": 3.5, "Samsung Galaxy Folder": 0.0, "LG GT365 Neon": 3.0, "Samsung Galaxy Folder2": 4.0, "Honor 10 Lite": 1.0, "Samsung Galaxy S9": 4.3, "Nokia Lumia 520": 3.8, "BLU Studio X8 HD": 3.5, "Samsung Galaxy S6 edge+": 0.0, "Pantech Link II": 3.9, "LG V40 ThinQ": 3.1, "Samsung Galaxy S5 Plus": 0.0, "Samsung Galaxy A9 (2018)": 0.0, "Motorola Moto G5S": 4.3, "BLU Life One X3": 3.2, "LG Optimus L7 P700": 4.1, "Samsung Galaxy J3 (2018)": 4.0, "Nokia 3310 (2017)": 0.0, "Samsung Galaxy S9+": 4.8, "HTC Evo 4G LTE": 3.5, "Samsung Galaxy Round G910S": 4.4, "Apple iPhone 6s Plus": 4.7, "Cat S31": 1.0, "HTC Desire 12s": 3.8, "LG V35 ThinQ": 4.6, "Nokia 6.1 Plus (Nokia X6)": 4.0, "Sony Xperia Z5 Compact": 3.5, "LG G5 SE": 3.2, "Huawei Ascend Mate7": 4.0, "Huawei Mate 20 Pro": 4.5, "Sony Xperia XA2 Ultra": 3.4, "Samsung Galaxy S8+": 4.6, "BlackBerry DTEK60": 4.0, "alcatel Pop 7 LTE": 3.8, "Samsung Galaxy S II I777": 3.7, "BLU Tank 4.5": 3.8, "BlackBerry Curve 9320": 4.0, "Samsung Galaxy S6 Duos": 4.1, "BLU Studio View XL": 1.0, "Samsung Galaxy Note FE": 5.0, "Samsung B2100 Xplorer": 4.0, "Microsoft Lumia 435 Dual SIM": 3.0, "BLU Life Pure XL": 3.8, "HTC One X10": 3.5, "LG G Vista 2": 3.9, "Microsoft Lumia 650": 3.2, "Nokia Lumia 822": 3.9, "Samsung Galaxy S5 mini Duos": 4.0, "Samsung Galaxy A7 (2017)": 3.9, "Samsung Galaxy S5 mini": 3.0, "HTC EVO Shift 4G": 3.0, "Samsung Galaxy S7 active": 3.6, "Sonim XP8": 3.0, "Samsung U460 Intensity II": 3.6, "Sony Xperia tipo": 4.6, "BlackBerry Torch 9850": 3.5, "Samsung Galaxy J7 Max": 0.0, "LG Nexus 4 E960": 3.0, "Sony Xperia Z Ultra": 3.7, "ZTE Blade V8 Lite": 3.9, "Plum Compass 2": 3.0, "BLU Diva X": 2.9, "BLU R1 HD": 3.6, "HTC Desire 626G+": 3.0, "OnePlus 5T": 4.4, "BLU C5 (2017)": 0.0, "Samsung Galaxy J1 (2016)": 3.0, "Samsung Galaxy Note8": 3.9, "Xiaomi Mi 8 Lite": 4.4, "Pantech Renue": 2.9, "LG Stylo 3 Plus": 4.2, "HTC 10 Lifestyle": 3.4, "BLU Studio XL2": 3.2, "Samsung Galaxy Y S5360": 3.9, "LG Tribute Empire": 4.3, "Cat B30": 3.6, "Samsung Galaxy S5 (octa-core)": 0.0, "Plum Gator Plus II": 2.7, "Motorola Moto E5 Plus": 4.5, "Samsung Galaxy S WiFi 5.0": 3.7, "Samsung Galaxy Grand Prime": 0.0, "Apple iPhone 8 Plus": 4.7, "BLU Studio Selfie 2": 3.5, "BLU Studio Mini LTE": 5.0, "Samsung Galaxy Ace S5830I": 5.0, "BlackBerry Classic Non Camera": 3.9, "BlackBerry Curve 8520": 3.8, "Xiaomi Mi Max 3": 4.2, "Apple iPhone 4 CDMA": 0.0, "Samsung Exhilarate i577": 3.7, "Samsung Galaxy J7 Duo": 3.8, "Samsung i897 Captivate": 3.5, "BLU Tank Xtreme 2.4": 0.0, "LG Xenon GR500": 3.0, "Apple iPhone 7": 1.3, "Samsung Galaxy Note T879": 4.8, "Samsung Galaxy Mega 5.8 I9150": 3.3, "Samsung Galaxy S III I747": 2.9, "BlackBerry Keyone": 3.8, "BLU Studio Mega": 3.6, "HTC U11 Life": 4.4, "BLU Studio 5.0 LTE": 4.0, "Sony Xperia L3": 3.3, "BLU Studio Energy 2": 3.8, "LG G4 Stylus": 3.5, "LG Lucid 4G VS840": 3.4, "BlackBerry Tour 9630": 3.2, "Sony Xperia XA1 Plus": 3.8, "LG Xpression C395": 3.6, "Motorola Moto G5S Plus": 3.5, "Samsung Galaxy W I8150": 3.9, "Samsung Galaxy J7 (2018)": 4.4, "Nokia Lumia 920": 4.0, "Xiaomi Redmi 6A": 4.0, "Motorola Moto G4 Plus": 5.0, "Huawei P20 Pro": 4.5, "LG K8 (2017)": 3.3, "Samsung Galaxy J7 Prime 2": 0.0, "LG K8 (2018)": 4.4, "BLU Studio Max": 2.9, "Motorola Moto E5 Cruise": 3.1, "LG G7 Fit": 3.4, "HTC Droid Incredible": 3.4, "HTC DROID Incredible 2": 2.8, "Motorola Moto G7 Play": 3.1, "Samsung Galaxy Tab 4G LTE": 2.9, "Samsung Galaxy Ace S5830": 0.0, "Honor Note 10": 3.9, "Samsung Galaxy M30": 0.0, "Samsung Galaxy Tab J": 3.9, "Microsoft Lumia 640 XL": 3.8, "Xiaomi Redmi Note 4G": 0.0, "Huawei P20 lite": 4.2, "Asus Zenfone 6 A600CG": 3.7, "Sony Xperia XA Ultra": 3.6, "LG X venture": 3.1, "Samsung Galaxy J3 (2017)": 0.0, "BLU Energy X Plus": 3.3, "Samsung Galaxy S6 (USA)": 3.9, "Samsung Galaxy Win I8550": 4.0, "Samsung Galaxy S6 edge": 0.0, "Xiaomi Mi 8 SE": 2.0, "Motorola Moto G Turbo": 3.9, "HTC First": 3.6, "BLU Studio G Plus": 3.3, "alcatel Go Play": 4.1, "Huawei Mate 20": 5.0, "Samsung Galaxy Nexus i515": 2.9, "Samsung Galaxy Note5": 0.0, "Samsung A847 Rugby II": 3.5, "Sony Xperia T2 Ultra": 3.9, "Samsung I405 Stratosphere": 2.1, "Xiaomi Redmi Note 7": 4.3, "Xiaomi Mi A2 (Mi 6X)": 4.2, "Samsung Galaxy S8 Active": 0.0, "Samsung Galaxy J7 Prime": 3.5, "vivo NEX Dual Display": 0.0, "Samsung Galaxy J2 (2017)": 0.0, "Nokia 8 Sirocco": 4.3, "Nokia Lumia 630 Dual SIM": 3.5, "BLU Studio X Plus": 3.6, "BLU R2 LTE": 3.6, "Huawei Y6 (2018)": 3.3, "Motorola Moto G6 Play": 4.4, "Xiaomi Redmi Go": 3.0, "BlackBerry Z10": 3.8, "Samsung Galaxy S7 edge (USA)": 5.0, "LG Optimus L9 P769": 3.6, "LG Vortex VS660": 2.8, "Apple iPhone 6 Plus": 1.0, "Nokia Lumia 925": 3.4, "Apple iPhone 8": 0.0, "LG G7 ThinQ": 2.7, "Casio G'zOne Ravine 2": 3.0, "LG V30": 4.6, "Sony Xperia XZ3": 4.1, "BlackBerry Curve 3G 9300": 3.1, "Cat S50": 3.1, "Razer Phone 2": 4.1, "Motorola Moto E5 Play": 4.5, "Sony Xperia X Performance": 4.0, "ZTE Axon 7s": 3.9, "ZTE Axon Pro": 3.7, "LG G3 S Dual": 3.1, "Google Pixel 3": 2.9, "Apple iPhone X": 4.3, "Samsung Galaxy S 4G T959": 5.0, "BlackBerry Torch 9800": 3.7, "Samsung Galaxy Prevail": 4.0, "Sony Xperia T LTE": 0.0, "OnePlus 6T McLaren": 2.1, "Cat S41": 3.6, "BLU Studio Touch": 3.2, "LG Rumor Reflex  LN272": 2.8, "LG K7 (2017)": 3.5, "Apple iPhone XS": 3.4, "Samsung Fascinate": 3.2, "Sony Xperia Z3+ dual": 3.2, "Samsung Galaxy J5 (2016)": 4.2, "BLU Studio 7.0 II": 3.4, "Motorola Moto E5": 3.6, "Apple iPhone XS Max": 4.2, "BLU Jenny TV 2.8": 3.6, "BlackBerry Curve 9360": 3.7, "LG Optimus G E975": 3.9, "Honor Play 8A": 4.3, "Samsung Galaxy Note 3 Neo": 5.0, "OnePlus 6": 4.4, "HTC U Ultra": 3.7, "Emporia Essence Plus": 3.1, "ZTE Blade X": 4.5, "Motorola Moto G4": 3.5, "Samsung Galaxy On5": 3.0, "Pantech Breeze III": 4.3, "Sony Ericsson WT18i": 4.6, "alcatel Idol 5s (USA)": 3.5, "Apple iPhone 6s": 3.0, "OnePlus X": 4.0, "Motorola Moto X Play": 4.0, "Samsung Galaxy A5 (2017)": 4.2, "BLU Studio G HD": 0.0, "HTC One S C2": 2.9, "Haier C300": 3.2, "Samsung Galaxy J3 Pro": 0.0}